[
  {
    "model": "base.Person",
    "pk": "A00000",
    "fields": {
      "type_id": "000",
      "status_id": "001",
      "client_id": "000",
      "gender_type_id": "700",
      "grouping": "Non-person",
      "order_by": "99",
      "code": "",
      "salutation": "",
      "first_name": "N/A",
      "middle_name": "",
      "last_name": "N/A",
      "birth_date": "1900-01-01 00:00+0000",
      "email": "",
      "person_key": "NOT_APPLICABLE",
      "static_flag": "Y",
      "internal_comment": "",
      "created_date": "2025-03-22 00:00+0000",
      "last_updated": "2025-03-22 00:00+0000"  
    }
  }
,  {
    "model": "base.Person",
    "pk": "A00001",
    "fields": {
      "type_id": "012",
      "status_id": "001",
      "client_id": "000",
      "gender_type_id": "701",
      "grouping": "People",
      "order_by": "99",
      "code": "",
      "salutation": "",
      "first_name": "John",
      "middle_name": "W.",
      "last_name": "Burke",
      "birth_date": "1965-06-08 00:00+0000",
      "email": "",
      "person_key": "BURKE_JOHN",
      "static_flag": "Y",
      "internal_comment": "",
      "created_date": "2025-03-08 00:00+0000",
      "last_updated": "2025-03-08 00:00+0000"  
    }
  }
,  {
    "model": "base.Person",
    "pk": "A00002",
    "fields": {
      "type_id": "012",
      "status_id": "001",
      "client_id": "000",
      "gender_type_id": "701",
      "grouping": "Partners",
      "order_by": "99",
      "code": "",
      "salutation": "",
      "first_name": "Jonathan",
      "middle_name": "",
      "last_name": "Selby",
      "birth_date": "1900-01-01 00:00+0000",
      "email": "",
      "person_key": "SELBY_JONATHAN",
      "static_flag": "Y",
      "internal_comment": "",
      "created_date": "2025-05-31 00:00+0000",
      "last_updated": "2025-05-31 00:00+0000"  
    }
  }
,  {
    "model": "base.Person",
    "pk": "A99999",
    "fields": {
      "type_id": "000",
      "status_id": "001",
      "client_id": "000",
      "gender_type_id": "700",
      "grouping": "Non-person",
      "order_by": "99",
      "code": "",
      "salutation": "",
      "first_name": "TBA",
      "middle_name": "",
      "last_name": "TBA",
      "birth_date": "1900-01-01 00:00+0000",
      "email": "",
      "person_key": "TO_BE_ANNOUNCED",
      "static_flag": "Y",
      "internal_comment": "",
      "created_date": "2025-03-22 00:00+0000",
      "last_updated": "2025-03-22 00:00+0000"  
    }
  }
,  {
    "model": "base.User",
    "pk": "A00000",
    "fields": {
      "access_user_id": "A00000",
      "type_id": "042",
      "status_id": "00Q",
      "verification_status_id": "010",
      "person_id": "A00000",
      "grouping": "All",
      "code": "",
      "description": "Not Applicable",
      "username": "dummyA00000@anovasoftware.com",
      "password": "",
      "is_staff": false,
      "is_active": true,
      "is_superuser": false,
      "user_key": "NOT_APPLICABLE",
      "start_date": "2025-07-01 00:00+0000",
      "end_date": "2099-12-31 00:00+0000",
      "effective_status_id": "021",
      "static_flag": "Y",
      "external_id": "",
      "internal_comment": "",
      "created_date": "2025-07-05 00:00+0000",
      "last_updated": "2025-07-05 00:00+0000"  
    }
  }
,  {
    "model": "base.User",
    "pk": "A00001",
    "fields": {
      "access_user_id": "A00001",
      "type_id": "041",
      "status_id": "00Q",
      "verification_status_id": "010",
      "person_id": "A00001",
      "grouping": "Anova",
      "code": "",
      "description": "Burke, John W.",
      "username": "jburke@anovasoftware.com",
      "password": "pbkdf2_sha256$870000$pQvaxa0DGrKve0Y6VnSZvP$Cf8VEEeX1KqOPo+xO4Aa0ctamJZkINsMk1RL4Id6zUs=",
      "is_staff": true,
      "is_active": true,
      "is_superuser": true,
      "user_key": "BURKE_JOHN",
      "start_date": "2025-03-10 00:00+0000",
      "end_date": "2099-12-31 00:00+0000",
      "effective_status_id": "021",
      "static_flag": "Y",
      "external_id": "",
      "internal_comment": "",
      "created_date": "2025-03-10 00:00+0000",
      "last_updated": "2025-03-10 00:00+0000"  
    }
  }
,  {
    "model": "base.User",
    "pk": "A00002",
    "fields": {
      "access_user_id": "A00002",
      "type_id": "041",
      "status_id": "00Q",
      "verification_status_id": "010",
      "person_id": "A00002",
      "grouping": "Partners",
      "code": "",
      "description": "Selby, Jonathan",
      "username": "jon@xaxero.com",
      "password": "",
      "is_staff": false,
      "is_active": true,
      "is_superuser": false,
      "user_key": "SELBY_JONATHAN",
      "start_date": "2025-05-31 00:00+0000",
      "end_date": "2099-12-31 00:00+0000",
      "effective_status_id": "021",
      "static_flag": "Y",
      "external_id": "",
      "internal_comment": "",
      "created_date": "2025-05-31 00:00+0000",
      "last_updated": "2025-05-31 00:00+0000"  
    }
  }
,  {
    "model": "base.User",
    "pk": "A00003",
    "fields": {
      "access_user_id": "A00003",
      "type_id": "043",
      "status_id": "00Q",
      "verification_status_id": "010",
      "person_id": "A00000",
      "grouping": "API Consumer",
      "code": "",
      "description": "Speedcast",
      "username": "speedcast",
      "password": "",
      "is_staff": false,
      "is_active": true,
      "is_superuser": false,
      "user_key": "SPEEDCAST",
      "start_date": "2025-10-11 00:00+0000",
      "end_date": "2099-12-31 00:00+0000",
      "effective_status_id": "021",
      "static_flag": "Y",
      "external_id": "",
      "internal_comment": "",
      "created_date": "2025-10-11 00:00+0000",
      "last_updated": "2025-10-11 00:00+0000"  
    }
  }
,  {
    "model": "base.User",
    "pk": "A00004",
    "fields": {
      "access_user_id": "A00004",
      "type_id": "043",
      "status_id": "00Q",
      "verification_status_id": "010",
      "person_id": "A00000",
      "grouping": "API Consumer",
      "code": "",
      "description": "MCOMS",
      "username": "mcoms",
      "password": "",
      "is_staff": false,
      "is_active": true,
      "is_superuser": false,
      "user_key": "MCOMS",
      "start_date": "2025-10-18 00:00+0000",
      "end_date": "2099-12-31 00:00+0000",
      "effective_status_id": "021",
      "static_flag": "Y",
      "external_id": "",
      "internal_comment": "",
      "created_date": "2025-10-18 00:00+0000",
      "last_updated": "2025-10-18 00:00+0000"  
    }
  }
,  {
    "model": "base.User",
    "pk": "A00005",
    "fields": {
      "access_user_id": "A00005",
      "type_id": "043",
      "status_id": "00Q",
      "verification_status_id": "010",
      "person_id": "A00000",
      "grouping": "API Consumer",
      "code": "",
      "description": "Anova",
      "username": "anova",
      "password": "",
      "is_staff": false,
      "is_active": true,
      "is_superuser": false,
      "user_key": "ANOVA",
      "start_date": "2025-10-22 00:00+0000",
      "end_date": "2099-12-31 00:00+0000",
      "effective_status_id": "021",
      "static_flag": "Y",
      "external_id": "",
      "internal_comment": "",
      "created_date": "2025-10-22 00:00+0000",
      "last_updated": "2025-10-22 00:00+0000"  
    }
  }
,  {
    "model": "base.User",
    "pk": "A00006",
    "fields": {
      "access_user_id": "A00006",
      "type_id": "043",
      "status_id": "00Q",
      "verification_status_id": "010",
      "person_id": "A00000",
      "grouping": "API Consumer",
      "code": "",
      "description": "Anova2",
      "username": "anova2",
      "password": "",
      "is_staff": false,
      "is_active": true,
      "is_superuser": false,
      "user_key": "ANOVA",
      "start_date": "2025-11-14 00:00+0000",
      "end_date": "2099-12-31 00:00+0000",
      "effective_status_id": "021",
      "static_flag": "Y",
      "external_id": "",
      "internal_comment": "",
      "created_date": "2025-10-22 00:00+0000",
      "last_updated": "2025-11-14 00:00+0000"  
    }
  }
,  {
    "model": "base.User",
    "pk": "A99999",
    "fields": {
      "access_user_id": "A00000",
      "type_id": "042",
      "status_id": "00Q",
      "verification_status_id": "010",
      "person_id": "A00000",
      "grouping": "All",
      "code": "",
      "description": "To Be Announced",
      "username": "dummyA99999@anovasoftware.com",
      "password": "",
      "is_staff": false,
      "is_active": true,
      "is_superuser": false,
      "user_key": "TO_BE_ANNOUNCED",
      "start_date": "2025-07-01 00:00+0000",
      "end_date": "2099-12-31 00:00+0000",
      "effective_status_id": "021",
      "static_flag": "Y",
      "external_id": "",
      "internal_comment": "",
      "created_date": "2025-07-05 00:00+0000",
      "last_updated": "2025-07-05 00:00+0000"  
    }
  }
,  {
    "model": "base.Role",
    "pk": "A000",
    "fields": {
      "type_id": "000",
      "status_id": "001",
      "hotel_id": "A000",
      "grouping": "ALL ROLES",
      "code": "N/A",
      "description": "Not Applicable",
      "role_key": "NOT_APPLICABLE",
      "group1": "",
      "group2": "",
      "static_flag": "Y",
      "internal_comment": "",
      "created_date": "2025-11-16 00:00+0000",
      "last_updated": "2025-11-16 00:00+0000"  
    }
  }
,  {
    "model": "base.Role",
    "pk": "A001",
    "fields": {
      "type_id": "000",
      "status_id": "001",
      "hotel_id": "A000",
      "grouping": "ALL ROLES",
      "code": "ADMIN",
      "description": "System Administrator",
      "role_key": "SYSTEM_ADMINISTRATOR",
      "group1": "",
      "group2": "",
      "static_flag": "Y",
      "internal_comment": "",
      "created_date": "2025-11-16 00:00+0000",
      "last_updated": "2025-11-16 00:00+0000"  
    }
  }
,  {
    "model": "base.Role",
    "pk": "A002",
    "fields": {
      "type_id": "000",
      "status_id": "001",
      "hotel_id": "A000",
      "grouping": "API CONSUMER",
      "code": "API1",
      "description": "API Consumer 1 (icafe)",
      "role_key": "API_CONSUMER_1",
      "group1": "",
      "group2": "",
      "static_flag": "Y",
      "internal_comment": "",
      "created_date": "2025-11-16 00:00+0000",
      "last_updated": "2025-11-16 00:00+0000"  
    }
  }
,  {
    "model": "base.Role",
    "pk": "A999",
    "fields": {
      "type_id": "000",
      "status_id": "001",
      "hotel_id": "A000",
      "grouping": "ALL ROLES",
      "code": "TBA",
      "description": "To Be Announced",
      "role_key": "TO_BE_ANNOUNCED",
      "group1": "",
      "group2": "",
      "static_flag": "Y",
      "internal_comment": "",
      "created_date": "2025-11-16 00:00+0000",
      "last_updated": "2025-11-16 00:00+0000"  
    }
  }
,  {
    "model": "base.UserRole",
    "pk": "A00001",
    "fields": {
      "user_id": "A00001",
      "role_id": "A001",
      "type_id": "000",
      "status_id": "001",
      "access_flag": "#",
      "start_date": "2025-11-28 00:00+0000",
      "end_date": "2099-12-31 00:00+0000",
      "effective_status_id": "021",
      "static_flag": "Y",
      "internal_comment": "",
      "created_date": "2025-11-28 00:00+0000",
      "last_updated": "2025-11-28 00:00+0000"  
    }
  }
,  {
    "model": "base.UserRole",
    "pk": "A00002",
    "fields": {
      "user_id": "A00003",
      "role_id": "A002",
      "type_id": "000",
      "status_id": "001",
      "access_flag": "#",
      "start_date": "2025-11-28 00:00+0000",
      "end_date": "2099-12-31 00:00+0000",
      "effective_status_id": "021",
      "static_flag": "Y",
      "internal_comment": "",
      "created_date": "2025-11-28 00:00+0000",
      "last_updated": "2025-11-28 00:00+0000"  
    }
  }
,  {
    "model": "base.UserRole",
    "pk": "A00003",
    "fields": {
      "user_id": "A00005",
      "role_id": "A001",
      "type_id": "000",
      "status_id": "001",
      "access_flag": "#",
      "start_date": "2025-11-28 00:00+0000",
      "end_date": "2099-12-31 00:00+0000",
      "effective_status_id": "021",
      "static_flag": "Y",
      "internal_comment": "",
      "created_date": "2025-11-28 00:00+0000",
      "last_updated": "2025-11-28 00:00+0000"  
    }
  }
,  {
    "model": "base.ExternalMapping",
    "pk": "A00000001",
    "fields": {
      "type_id": "000",
      "status_id": "001",
      "app_name": "base",
      "model_name": "Company",
      "external_id": "VMS-0000-AG-000000",
      "internal_id": "A0000",
      "external_pk": "",
      "static_flag": "Y",
      "internal_comment": "",
      "created_date": "2025-03-22 00:00+0000",
      "last_updated": "2025-03-22 00:00+0000"  
    }
  }
,  {
    "model": "base.ExternalMapping",
    "pk": "A00000002",
    "fields": {
      "type_id": "000",
      "status_id": "001",
      "app_name": "static",
      "model_name": "Currency",
      "external_id": "CU-00001",
      "internal_id": "01",
      "external_pk": "",
      "static_flag": "Y",
      "internal_comment": "",
      "created_date": "2025-04-10 00:00+0000",
      "last_updated": "2025-04-10 00:00+0000"  
    }
  }
,  {
    "model": "base.ExternalMapping",
    "pk": "A00000003",
    "fields": {
      "type_id": "000",
      "status_id": "001",
      "app_name": "static",
      "model_name": "Currency",
      "external_id": "CU-00002",
      "internal_id": "02",
      "external_pk": "",
      "static_flag": "Y",
      "internal_comment": "",
      "created_date": "2025-04-10 00:00+0000",
      "last_updated": "2025-04-10 00:00+0000"  
    }
  }
,  {
    "model": "base.ExternalMapping",
    "pk": "A00000004",
    "fields": {
      "type_id": "000",
      "status_id": "001",
      "app_name": "static",
      "model_name": "Currency",
      "external_id": "CU-00003",
      "internal_id": "03",
      "external_pk": "",
      "static_flag": "Y",
      "internal_comment": "",
      "created_date": "2025-04-10 00:00+0000",
      "last_updated": "2025-04-10 00:00+0000"  
    }
  }
,  {
    "model": "base.ExternalMapping",
    "pk": "A00000005",
    "fields": {
      "type_id": "000",
      "status_id": "001",
      "app_name": "res",
      "model_name": "Room",
      "external_id": "VMS-0000-CB-00001",
      "internal_id": "A003",
      "external_pk": "",
      "static_flag": "Y",
      "internal_comment": "",
      "created_date": "2025-04-10 00:00+0000",
      "last_updated": "2025-04-10 00:00+0000"  
    }
  }
,  {
    "model": "base.ExternalMapping",
    "pk": "A00000006",
    "fields": {
      "type_id": "000",
      "status_id": "001",
      "app_name": "res",
      "model_name": "Room",
      "external_id": "VMS-0000-CB-00000",
      "internal_id": "A000",
      "external_pk": "",
      "static_flag": "Y",
      "internal_comment": "",
      "created_date": "2026-12-22 00:00+0000",
      "last_updated": "2026-12-22 00:00+0000"  
    }
  }
,  {
    "model": "base.ChartField",
    "pk": "A00G001",
    "fields": {
      "hotel_id": "A000",
      "type_id": "00G",
      "status_id": "001",
      "code": "N/A",
      "description": "NA - Revenue Account",
      "description_short": "NA",
      "start_date": "1900-01-01 00:00+0000",
      "end_date": "2099-12-31 00:00+0000",
      "effective_status_id": "021",
      "static_flag": "Y",
      "internal_comment": "",
      "created_date": "2025-04-11 00:00+0000",
      "last_updated": "2025-04-11 00:00+0000"  
    }
  }
,  {
    "model": "base.ChartField",
    "pk": "A00G999",
    "fields": {
      "hotel_id": "A000",
      "type_id": "00G",
      "status_id": "001",
      "code": "TBA",
      "description": "TBA - Revenue Account",
      "description_short": "TBA",
      "start_date": "1900-01-01 00:00+0000",
      "end_date": "2099-12-31 00:00+0000",
      "effective_status_id": "021",
      "static_flag": "Y",
      "internal_comment": "",
      "created_date": "2025-04-11 00:00+0000",
      "last_updated": "2025-04-11 00:00+0000"  
    }
  }
,  {
    "model": "base.Company",
    "pk": "A0000",
    "fields": {
      "client_id": "000",
      "type_id": "000",
      "status_id": "001",
      "code": "N/A",
      "description": "Not Applicable",
      "description_short": "Not Applicable",
      "start_date": "1900-01-01 00:00+0000",
      "end_date": "2099-12-31 00:00+0000",
      "effective_status_id": "021",
      "grouping": "Static Companies",
      "company_key": "NOT_APPLICABLE",
      "static_flag": "Y",
      "internal_comment": "",
      "created_date": "2025-03-21 00:00+0000",
      "last_updated": "2025-03-21 00:00+0000"  
    }
  }
,  {
    "model": "base.Company",
    "pk": "A9999",
    "fields": {
      "client_id": "000",
      "type_id": "000",
      "status_id": "001",
      "code": "TBA",
      "description": "To Be Announced",
      "description_short": "To Be Announced",
      "start_date": "1900-01-01 00:00+0000",
      "end_date": "2099-12-31 00:00+0000",
      "effective_status_id": "021",
      "grouping": "Static Companies",
      "company_key": "TO_BE_ANNOUNCED",
      "static_flag": "Y",
      "internal_comment": "",
      "created_date": "2025-03-21 00:00+0000",
      "last_updated": "2025-03-21 00:00+0000"  
    }
  }
,  {
    "model": "base.Category",
    "pk": "A0000",
    "fields": {
      "client_id": "000",
      "hotel_id": "A000",
      "type_id": "000",
      "status_id": "001",
      "order_by": "99",
      "code": "N/A",
      "description": "Not Applicable",
      "start_date": "1900-01-01 00:00+0000",
      "end_date": "2099-12-31 00:00+0000",
      "effective_status_id": "021",
      "grouping": "ALL",
      "category_key": "BASE_CATEGORY_NOT_AP",
      "static_flag": "Y",
      "internal_comment": "",
      "created_date": "2025-04-13 00:00+0000",
      "last_updated": "2025-04-13 00:00+0000"  
    }
  }
,  {
    "model": "base.Category",
    "pk": "A9999",
    "fields": {
      "client_id": "000",
      "hotel_id": "A000",
      "type_id": "000",
      "status_id": "001",
      "order_by": "99",
      "code": "TBA",
      "description": "To Be Announced",
      "start_date": "1900-01-01 00:00+0000",
      "end_date": "2099-12-31 00:00+0000",
      "effective_status_id": "021",
      "grouping": "ALL",
      "category_key": "BASE_CATEGORY_TO_BE_",
      "static_flag": "Y",
      "internal_comment": "",
      "created_date": "2025-04-13 00:00+0000",
      "last_updated": "2025-04-13 00:00+0000"  
    }
  }
,  {
    "model": "base.Item",
    "pk": "A00000",
    "fields": {
      "type_id": "000",
      "status_id": "001",
      "category_id": "A0000",
      "code": "N/A",
      "description": "Not Applicable",
      "order_by": "99",
      "start_date": "1900-01-01 00:00+0000",
      "end_date": "2099-12-31 00:00+0000",
      "effective_status_id": "021",
      "grouping": "ALL",
      "item_key": "NOT_APPLICABLE",
      "static_flag": "Y",
      "internal_comment": "",
      "created_date": "2025-04-22 00:00+0000",
      "last_updated": "2025-04-22 00:00+0000"  
    }
  }
,  {
    "model": "base.UserHotel",
    "pk": "A00001",
    "fields": {
      "user_id": "A00001",
      "hotel_id": "A001",
      "type_id": "000",
      "status_id": "001",
      "start_date": "1900-01-01 00:00+0000",
      "end_date": "2099-12-31 00:00+0000",
      "effective_status_id": "021",
      "static_flag": "Y",
      "internal_comment": "",
      "created_date": "2025-10-19 00:00+0000",
      "last_updated": "2025-10-19 00:00+0000"  
    }
  }
,  {
    "model": "base.UserHotel",
    "pk": "A00002",
    "fields": {
      "user_id": "A00001",
      "hotel_id": "A002",
      "type_id": "000",
      "status_id": "001",
      "start_date": "1900-01-01 00:00+0000",
      "end_date": "2099-12-31 00:00+0000",
      "effective_status_id": "021",
      "static_flag": "Y",
      "internal_comment": "",
      "created_date": "2025-10-19 00:00+0000",
      "last_updated": "2025-10-19 00:00+0000"  
    }
  }
,  {
    "model": "base.UserHotel",
    "pk": "A00003",
    "fields": {
      "user_id": "A00005",
      "hotel_id": "A001",
      "type_id": "000",
      "status_id": "001",
      "start_date": "1900-01-01 00:00+0000",
      "end_date": "2099-12-31 00:00+0000",
      "effective_status_id": "021",
      "static_flag": "Y",
      "internal_comment": "",
      "created_date": "2025-10-22 00:00+0000",
      "last_updated": "2025-10-22 00:00+0000"  
    }
  }
,  {
    "model": "base.UserHotel",
    "pk": "A00004",
    "fields": {
      "user_id": "A00005",
      "hotel_id": "A002",
      "type_id": "000",
      "status_id": "001",
      "start_date": "1900-01-01 00:00+0000",
      "end_date": "2099-12-31 00:00+0000",
      "effective_status_id": "021",
      "static_flag": "Y",
      "internal_comment": "",
      "created_date": "2025-10-22 00:00+0000",
      "last_updated": "2025-10-22 00:00+0000"  
    }
  }
,  {
    "model": "base.UserHotel",
    "pk": "A00005",
    "fields": {
      "user_id": "A00006",
      "hotel_id": "A001",
      "type_id": "000",
      "status_id": "001",
      "start_date": "2025-11-15 00:00+0000",
      "end_date": "2099-12-31 00:00+0000",
      "effective_status_id": "021",
      "static_flag": "Y",
      "internal_comment": "",
      "created_date": "2025-11-15 00:00+0000",
      "last_updated": "2025-11-15 00:00+0000"  
    }
  }
,  {
    "model": "base.UserHotel",
    "pk": "A00006",
    "fields": {
      "user_id": "A00003",
      "hotel_id": "A002",
      "type_id": "000",
      "status_id": "001",
      "start_date": "2025-11-16 00:00+0000",
      "end_date": "2099-12-31 00:00+0000",
      "effective_status_id": "021",
      "static_flag": "Y",
      "internal_comment": "",
      "created_date": "2025-11-16 00:00+0000",
      "last_updated": "2025-11-16 00:00+0000"  
    }
  }
,  {
    "model": "base.RoleProcess",
    "pk": "A00001",
    "fields": {
      "role_id": "A002",
      "process_id": "00D",
      "type_id": "000",
      "status_id": "001",
      "can_create": false,
      "can_read": true,
      "can_update": false,
      "can_delete": false,
      "static_flag": "Y",
      "internal_comment": "",
      "created_date": "2025-11-28 00:00+0000",
      "last_updated": "2025-11-28 00:00+0000"  
    }
  }
,  {
    "model": "base.RoleProcess",
    "pk": "A00002",
    "fields": {
      "role_id": "A002",
      "process_id": "00K",
      "type_id": "000",
      "status_id": "001",
      "can_create": true,
      "can_read": true,
      "can_update": false,
      "can_delete": false,
      "static_flag": "Y",
      "internal_comment": "",
      "created_date": "2025-11-28 00:00+0000",
      "last_updated": "2025-11-28 00:00+0000"  
    }
  }
,  {
    "model": "base.Position",
    "pk": "A0000",
    "fields": {
      "type_id": "000",
      "status_id": "001",
      "hotel_id": "A000",
      "code": "N/A",
      "description": "Not Applicable",
      "email": "",
      "grouping": "General",
      "position_key": "NOT_APPLICABLE",
      "static_flag": "Y",
      "internal_comment": "",
      "created_date": "2025-11-30 00:00+0000",
      "last_updated": "2025-11-30 00:00+0000"  
    }
  }
,  {
    "model": "base.Position",
    "pk": "A9999",
    "fields": {
      "type_id": "000",
      "status_id": "001",
      "hotel_id": "A000",
      "code": "TBA",
      "description": "To Be Announced",
      "email": "",
      "grouping": "General",
      "position_key": "TO_BE_ANNOUNCED",
      "static_flag": "Y",
      "internal_comment": "",
      "created_date": "2025-11-30 00:00+0000",
      "last_updated": "2025-11-30 00:00+0000"  
    }
  }

]