[
  {
    "model": "static.Form",
    "pk": "000",
    "fields": {
      "type_id": "000",
      "status_id": "001",
      "description": "not applicable",
      "header": "",
      "data_source_application": "",
      "data_source_model_name": "",
      "save_button_label": "",
      "save_button_action": "",
      "grouping": "Global",
      "form_key": "NOT_APPLICABLE",
      "static_flag": "Y",
      "internal_comment": "",
      "created_date": "2025-07-02 00:00+0000",
      "last_updated": "2025-07-02 00:00+0000"  
    }
  }
,  {
    "model": "static.Form",
    "pk": "001",
    "fields": {
      "type_id": "602",
      "status_id": "001",
      "description": "login",
      "header": "Log in to your account",
      "data_source_application": "base",
      "data_source_model_name": "EventLog",
      "save_button_label": "Login",
      "save_button_action": "saveAndClose",
      "grouping": "Global",
      "form_key": "LOGIN",
      "static_flag": "Y",
      "internal_comment": "",
      "created_date": "2025-07-02 00:00+0000",
      "last_updated": "2025-07-02 00:00+0000"  
    }
  }
,  {
    "model": "static.Status",
    "pk": "000",
    "fields": {
      "grouping": "ALL",
      "code": "N/A",
      "description": "Not Applicable",
      "status_key": "NOT_APPLICABLE",
      "status_code": 0,
      "flag1": "#",
      "group1": "",
      "order_by": "99",
      "static_flag": "Y",
      "internal_comment": "",
      "created_date": "2025-02-25 00:00+0000",
      "last_updated": "2025-02-25 00:00+0000"  
    }
  }
,  {
    "model": "static.Status",
    "pk": "001",
    "fields": {
      "grouping": "ALL",
      "code": "Active",
      "description": "Active",
      "status_key": "ACTIVE",
      "status_code": 0,
      "flag1": "",
      "group1": "",
      "order_by": "99",
      "static_flag": "Y",
      "internal_comment": "",
      "created_date": "2025-02-25 00:00+0000",
      "last_updated": "2025-02-25 00:00+0000"  
    }
  }
,  {
    "model": "static.Status",
    "pk": "002",
    "fields": {
      "grouping": "ALL",
      "code": "Inactive",
      "description": "Inactive",
      "status_key": "INACTIVE",
      "status_code": 0,
      "flag1": "",
      "group1": "",
      "order_by": "99",
      "static_flag": "Y",
      "internal_comment": "",
      "created_date": "2025-02-25 00:00+0000",
      "last_updated": "2025-02-25 00:00+0000"  
    }
  }
,  {
    "model": "static.Status",
    "pk": "003",
    "fields": {
      "grouping": "ALL",
      "code": "Deleted",
      "description": "Deleted",
      "status_key": "DELETED",
      "status_code": 0,
      "flag1": "",
      "group1": "",
      "order_by": "99",
      "static_flag": "Y",
      "internal_comment": "",
      "created_date": "2025-02-25 00:00+0000",
      "last_updated": "2025-02-25 00:00+0000"  
    }
  }
,  {
    "model": "static.Status",
    "pk": "004",
    "fields": {
      "grouping": "ALL",
      "code": "Queued",
      "description": "Queued",
      "status_key": "QUEUED",
      "status_code": 0,
      "flag1": "",
      "group1": "",
      "order_by": "99",
      "static_flag": "Y",
      "internal_comment": "",
      "created_date": "2025-05-07 00:00+0000",
      "last_updated": "2025-05-07 00:00+0000"  
    }
  }
,  {
    "model": "static.Status",
    "pk": "005",
    "fields": {
      "grouping": "ALL",
      "code": "Yes",
      "description": "Yes",
      "status_key": "ALL_YES",
      "status_code": 0,
      "flag1": "",
      "group1": "",
      "order_by": "01",
      "static_flag": "Y",
      "internal_comment": "",
      "created_date": "2025-02-25 00:00+0000",
      "last_updated": "2025-02-25 00:00+0000"  
    }
  }
,  {
    "model": "static.Status",
    "pk": "006",
    "fields": {
      "grouping": "ALL",
      "code": "No",
      "description": "No",
      "status_key": "ALL_NO",
      "status_code": 0,
      "flag1": "",
      "group1": "",
      "order_by": "02",
      "static_flag": "Y",
      "internal_comment": "",
      "created_date": "2025-02-25 00:00+0000",
      "last_updated": "2025-02-25 00:00+0000"  
    }
  }
,  {
    "model": "static.Status",
    "pk": "007",
    "fields": {
      "grouping": "ALL",
      "code": "ND",
      "description": "Not Disclosed",
      "status_key": "ALL_NOT_DISCLOSED",
      "status_code": 0,
      "flag1": "",
      "group1": "",
      "order_by": "03",
      "static_flag": "Y",
      "internal_comment": "",
      "created_date": "2025-02-25 00:00+0000",
      "last_updated": "2025-02-25 00:00+0000"  
    }
  }
,  {
    "model": "static.Status",
    "pk": "008",
    "fields": {
      "grouping": "res_transaction",
      "code": "Posted",
      "description": "Posted",
      "status_key": "POSTED",
      "status_code": 0,
      "flag1": "",
      "group1": "",
      "order_by": "99",
      "static_flag": "Y",
      "internal_comment": "",
      "created_date": "2025-05-07 00:00+0000",
      "last_updated": "2025-05-07 00:00+0000"  
    }
  }
,  {
    "model": "static.Status",
    "pk": "009",
    "fields": {
      "grouping": "res_transaction",
      "code": "Cancelled",
      "description": "Cancelled",
      "status_key": "CANCELLED",
      "status_code": 0,
      "flag1": "",
      "group1": "",
      "order_by": "99",
      "static_flag": "Y",
      "internal_comment": "",
      "created_date": "2025-05-07 00:00+0000",
      "last_updated": "2025-05-07 00:00+0000"  
    }
  }
,  {
    "model": "static.Status",
    "pk": "00B",
    "fields": {
      "grouping": "ALL",
      "code": "Success",
      "description": "Success",
      "status_key": "SUCCESS",
      "status_code": 0,
      "flag1": "",
      "group1": "",
      "order_by": "99",
      "static_flag": "Y",
      "internal_comment": "",
      "created_date": "2025-07-05 00:00+0000",
      "last_updated": "2025-07-05 00:00+0000"  
    }
  }
,  {
    "model": "static.Status",
    "pk": "00C",
    "fields": {
      "grouping": "ALL",
      "code": "Failed",
      "description": "Failed",
      "status_key": "FAILED",
      "status_code": 0,
      "flag1": "",
      "group1": "",
      "order_by": "99",
      "static_flag": "Y",
      "internal_comment": "",
      "created_date": "2025-07-05 00:00+0000",
      "last_updated": "2025-07-05 00:00+0000"  
    }
  }
,  {
    "model": "static.Status",
    "pk": "00D",
    "fields": {
      "grouping": "HTTP Status",
      "code": "",
      "description": "OK",
      "status_key": "HTTP_OK",
      "status_code": 200,
      "flag1": "",
      "group1": "",
      "order_by": "99",
      "static_flag": "Y",
      "internal_comment": "",
      "created_date": "2025-07-05 00:00+0000",
      "last_updated": "2025-07-05 00:00+0000"  
    }
  }
,  {
    "model": "static.Status",
    "pk": "021",
    "fields": {
      "grouping": "effective_status_id",
      "code": "Current",
      "description": "Current",
      "status_key": "EFFECTIVE_STATUS_CURRENT",
      "status_code": 0,
      "flag1": "",
      "group1": "",
      "order_by": "99",
      "static_flag": "Y",
      "internal_comment": "",
      "created_date": "2025-02-25 00:00+0000",
      "last_updated": "2025-02-25 00:00+0000"  
    }
  }
,  {
    "model": "static.Status",
    "pk": "022",
    "fields": {
      "grouping": "effective_status_id",
      "code": "Future",
      "description": "Future",
      "status_key": "EFFECTIVE_STATUS_FUTURE",
      "status_code": 0,
      "flag1": "",
      "group1": "",
      "order_by": "99",
      "static_flag": "Y",
      "internal_comment": "",
      "created_date": "2025-02-25 00:00+0000",
      "last_updated": "2025-02-25 00:00+0000"  
    }
  }
,  {
    "model": "static.Status",
    "pk": "023",
    "fields": {
      "grouping": "effective_status_id",
      "code": "Expired",
      "description": "Expired",
      "status_key": "EFFECTIVE_STATUS_EXPIRED",
      "status_code": 0,
      "flag1": "",
      "group1": "",
      "order_by": "99",
      "static_flag": "Y",
      "internal_comment": "",
      "created_date": "2025-02-25 00:00+0000",
      "last_updated": "2025-02-25 00:00+0000"  
    }
  }
,  {
    "model": "static.Status",
    "pk": "024",
    "fields": {
      "grouping": "effective_status_id",
      "code": "Stale",
      "description": "Stale",
      "status_key": "EFFECTIVE_STATUS_STALE",
      "status_code": 0,
      "flag1": "",
      "group1": "",
      "order_by": "99",
      "static_flag": "Y",
      "internal_comment": "",
      "created_date": "2025-02-25 00:00+0000",
      "last_updated": "2025-02-25 00:00+0000"  
    }
  }
,  {
    "model": "static.Status",
    "pk": "999",
    "fields": {
      "grouping": "ALL",
      "code": "TBA",
      "description": "To Be Announced",
      "status_key": "TO_BE_ANNOUNCED",
      "status_code": 0,
      "flag1": "",
      "group1": "",
      "order_by": "99",
      "static_flag": "Y",
      "internal_comment": "",
      "created_date": "2025-02-25 00:00+0000",
      "last_updated": "2025-02-25 00:00+0000"  
    }
  }
,  {
    "model": "static.Status",
    "pk": "00F",
    "fields": {
      "grouping": "HTTP Status",
      "code": "",
      "description": "Bad Request",
      "status_key": "HTTP_BAD_REQUEST",
      "status_code": 400,
      "flag1": "",
      "group1": "",
      "order_by": "99",
      "static_flag": "Y",
      "internal_comment": "",
      "created_date": "2025-07-05 00:00+0000",
      "last_updated": "2025-07-05 00:00+0000"  
    }
  }
,  {
    "model": "static.Status",
    "pk": "00G",
    "fields": {
      "grouping": "HTTP Status",
      "code": "",
      "description": "Unauthorized",
      "status_key": "HTTP_UNAUTHORIZED",
      "status_code": 401,
      "flag1": "",
      "group1": "",
      "order_by": "99",
      "static_flag": "Y",
      "internal_comment": "",
      "created_date": "2025-07-05 00:00+0000",
      "last_updated": "2025-07-05 00:00+0000"  
    }
  }
,  {
    "model": "static.Status",
    "pk": "00H",
    "fields": {
      "grouping": "HTTP Status",
      "code": "",
      "description": "Forbidden",
      "status_key": "HTTP_FORBIDDEN",
      "status_code": 403,
      "flag1": "",
      "group1": "",
      "order_by": "99",
      "static_flag": "Y",
      "internal_comment": "",
      "created_date": "2025-07-05 00:00+0000",
      "last_updated": "2025-07-05 00:00+0000"  
    }
  }
,  {
    "model": "static.Status",
    "pk": "00J",
    "fields": {
      "grouping": "HTTP Status",
      "code": "",
      "description": "Access Denied",
      "status_key": "HTTP_ACCESS_DENIED",
      "status_code": 403,
      "flag1": "",
      "group1": "",
      "order_by": "99",
      "static_flag": "Y",
      "internal_comment": "",
      "created_date": "2025-07-05 00:00+0000",
      "last_updated": "2025-07-05 00:00+0000"  
    }
  }
,  {
    "model": "static.Status",
    "pk": "00K",
    "fields": {
      "grouping": "HTTP Status",
      "code": "",
      "description": "Internal Server Error",
      "status_key": "HTTP_INTERNAL_SERVER_ERROR",
      "status_code": 500,
      "flag1": "",
      "group1": "",
      "order_by": "99",
      "static_flag": "Y",
      "internal_comment": "",
      "created_date": "2025-07-05 00:00+0000",
      "last_updated": "2025-07-05 00:00+0000"  
    }
  }
,  {
    "model": "static.Status",
    "pk": "00L",
    "fields": {
      "grouping": "base_job_run",
      "code": "",
      "description": "In progress",
      "status_key": "JOB_RUN_IN_PROGRESS",
      "status_code": 0,
      "flag1": "",
      "group1": "",
      "order_by": "99",
      "static_flag": "Y",
      "internal_comment": "",
      "created_date": "2025-12-28 00:00+0000",
      "last_updated": "2025-12-28 00:00+0000"  
    }
  }
,  {
    "model": "static.Status",
    "pk": "00M",
    "fields": {
      "grouping": "base_job_run",
      "code": "",
      "description": "Success",
      "status_key": "JOB_RUN_SUCCESS",
      "status_code": 0,
      "flag1": "",
      "group1": "",
      "order_by": "99",
      "static_flag": "Y",
      "internal_comment": "",
      "created_date": "2025-12-28 00:00+0000",
      "last_updated": "2025-12-28 00:00+0000"  
    }
  }
,  {
    "model": "static.Status",
    "pk": "00N",
    "fields": {
      "grouping": "base_job_run",
      "code": "",
      "description": "Failure",
      "status_key": "JOB_RUN_FAILURE",
      "status_code": 0,
      "flag1": "",
      "group1": "",
      "order_by": "99",
      "static_flag": "Y",
      "internal_comment": "",
      "created_date": "2025-12-28 00:00+0000",
      "last_updated": "2025-12-28 00:00+0000"  
    }
  }
,  {
    "model": "static.Type",
    "pk": "000",
    "fields": {
      "grouping": "ALL",
      "code": "N/A",
      "description": "Not Applicable",
      "description_short": "Not Applicable",
      "description_long": "Not Applicable",
      "description2": "Not Applicable",
      "type_key": "NOT_APPLICABLE",
      "group1": "",
      "flag1": "",
      "flag2": "",
      "attributes": "",
      "order_by": "99",
      "external_id": "000-NA",
      "static_flag": "Y",
      "internal_comment": "",
      "created_date": "2025-03-08 00:00+0000",
      "last_updated": "2025-03-08 00:00+0000"  
    }
  }
,  {
    "model": "static.Type",
    "pk": "014",
    "fields": {
      "parent_type_id": "016",
      "grouping": "res_transaction",
      "code": "staged refund",
      "description": "staged refund",
      "description_short": "",
      "description_long": "",
      "description2": "",
      "type_key": "RES_TRANSACTION_STAGED_REFUND",
      "group1": "",
      "flag1": "",
      "flag2": "",
      "attributes": "",
      "order_by": "99",
      "external_id": "",
      "static_flag": "Y",
      "internal_comment": "",
      "created_date": "2025-11-30 00:00+0000",
      "last_updated": "2025-11-30 00:00+0000"  
    }
  }
,  {
    "model": "static.Type",
    "pk": "002",
    "fields": {
      "parent_type_id": "000",
      "grouping": "static_menu",
      "code": "header bar",
      "description": "Header Bar",
      "description_short": "",
      "description_long": "",
      "description2": "",
      "type_key": "MENU_HEADER_BAR",
      "group1": "",
      "flag1": "",
      "flag2": "",
      "attributes": "",
      "order_by": "99",
      "external_id": "",
      "static_flag": "Y",
      "internal_comment": "",
      "created_date": "2025-06-24 00:00+0000",
      "last_updated": "2025-06-24 00:00+0000"  
    }
  }
,  {
    "model": "static.Type",
    "pk": "003",
    "fields": {
      "parent_type_id": "000",
      "grouping": "static_menu",
      "code": "standalone",
      "description": "Standalone (eg, login, home)",
      "description_short": "",
      "description_long": "",
      "description2": "",
      "type_key": "MENU_STAND_ALONE",
      "group1": "",
      "flag1": "",
      "flag2": "",
      "attributes": "",
      "order_by": "99",
      "external_id": "",
      "static_flag": "Y",
      "internal_comment": "",
      "created_date": "2025-06-29 00:00+0000",
      "last_updated": "2025-06-29 00:00+0000"  
    }
  }
,  {
    "model": "static.Type",
    "pk": "004",
    "fields": {
      "parent_type_id": "000",
      "grouping": "static_client",
      "code": "Cruise Line",
      "description": "Cruise Line",
      "description_short": "Cruise Line",
      "description_long": "",
      "description2": "",
      "type_key": "CLIENT_CRUISE_LINE",
      "group1": "",
      "flag1": "",
      "flag2": "",
      "attributes": "",
      "order_by": "99",
      "external_id": "",
      "static_flag": "Y",
      "internal_comment": "",
      "created_date": "2025-03-10 00:00+0000",
      "last_updated": "2025-03-10 00:00+0000"  
    }
  }
,  {
    "model": "static.Type",
    "pk": "005",
    "fields": {
      "parent_type_id": "000",
      "grouping": "res_hotel",
      "code": "Hotel",
      "description": "Hotel",
      "description_short": "Hotel",
      "description_long": "",
      "description2": "",
      "type_key": "HOTEL_HOTEL",
      "group1": "",
      "flag1": "",
      "flag2": "",
      "attributes": "",
      "order_by": "99",
      "external_id": "",
      "static_flag": "Y",
      "internal_comment": "",
      "created_date": "2025-03-10 00:00+0000",
      "last_updated": "1900-01-01 00:00+0000"  
    }
  }
,  {
    "model": "static.Type",
    "pk": "006",
    "fields": {
      "parent_type_id": "000",
      "grouping": "res_hotel",
      "code": "Cruise ship",
      "description": "Cruise Ship",
      "description_short": "Cruise Ship",
      "description_long": "",
      "description2": "",
      "type_key": "HOTEL_CRUISE_SHIP",
      "group1": "",
      "flag1": "",
      "flag2": "",
      "attributes": "",
      "order_by": "99",
      "external_id": "",
      "static_flag": "Y",
      "internal_comment": "",
      "created_date": "2025-03-10 00:00+0000",
      "last_updated": "1900-01-01 00:00+0000"  
    }
  }
,  {
    "model": "static.Type",
    "pk": "007",
    "fields": {
      "parent_type_id": "000",
      "grouping": "res_room",
      "code": "Room",
      "description": "Hotel Room",
      "description_short": "Hotel Room",
      "description_long": "",
      "description2": "",
      "type_key": "RES_ROOM_HOTEL_ROOM",
      "group1": "",
      "flag1": "",
      "flag2": "",
      "attributes": "",
      "order_by": "99",
      "external_id": "",
      "static_flag": "Y",
      "internal_comment": "",
      "created_date": "2025-03-16 00:00+0000",
      "last_updated": "2025-03-16 00:00+0000"  
    }
  }
,  {
    "model": "static.Type",
    "pk": "008",
    "fields": {
      "parent_type_id": "000",
      "grouping": "res_room",
      "code": "Cabin",
      "description": "Cabin",
      "description_short": "Cabin",
      "description_long": "",
      "description2": "",
      "type_key": "RES_ROOM_CABIN",
      "group1": "",
      "flag1": "",
      "flag2": "",
      "attributes": "",
      "order_by": "99",
      "external_id": "",
      "static_flag": "Y",
      "internal_comment": "",
      "created_date": "2025-03-16 00:00+0000",
      "last_updated": "2025-03-16 00:00+0000"  
    }
  }
,  {
    "model": "static.Type",
    "pk": "009",
    "fields": {
      "parent_type_id": "000",
      "grouping": "res_reservation",
      "code": "Internal",
      "description": "Internal Reservation",
      "description_short": "Internal Reservation",
      "description_long": "",
      "description2": "",
      "type_key": "RES_RESERVATION_INTERNAL",
      "group1": "",
      "flag1": "",
      "flag2": "",
      "attributes": "",
      "order_by": "99",
      "external_id": "",
      "static_flag": "Y",
      "internal_comment": "",
      "created_date": "2025-03-21 00:00+0000",
      "last_updated": "2025-03-21 00:00+0000"  
    }
  }
,  {
    "model": "static.Type",
    "pk": "00B",
    "fields": {
      "parent_type_id": "000",
      "grouping": "res_guest",
      "code": "Guest",
      "description": "Guest",
      "description_short": "Guest",
      "description_long": "",
      "description2": "",
      "type_key": "RES_GUEST_GUEST",
      "group1": "",
      "flag1": "",
      "flag2": "",
      "attributes": "",
      "order_by": "99",
      "external_id": "",
      "static_flag": "Y",
      "internal_comment": "",
      "created_date": "2025-03-23 00:00+0000",
      "last_updated": "2025-03-23 00:00+0000"  
    }
  }
,  {
    "model": "static.Type",
    "pk": "00C",
    "fields": {
      "parent_type_id": "000",
      "grouping": "res_guest",
      "code": "Crew",
      "description": "Crew",
      "description_short": "Crew",
      "description_long": "",
      "description2": "",
      "type_key": "RES_GUEST_CREW",
      "group1": "",
      "flag1": "",
      "flag2": "",
      "attributes": "",
      "order_by": "99",
      "external_id": "",
      "static_flag": "Y",
      "internal_comment": "",
      "created_date": "2025-03-23 00:00+0000",
      "last_updated": "2025-03-23 00:00+0000"  
    }
  }
,  {
    "model": "static.Type",
    "pk": "00D",
    "fields": {
      "parent_type_id": "000",
      "grouping": "base_category",
      "code": "menu1",
      "description": "POS Menu Category 1",
      "description_short": "",
      "description_long": "",
      "description2": "",
      "type_key": "BASE_CATEGORY_POS_MENU1",
      "group1": "",
      "flag1": "",
      "flag2": "",
      "attributes": "",
      "order_by": "99",
      "external_id": "",
      "static_flag": "Y",
      "internal_comment": "",
      "created_date": "2025-03-29 00:00+0000",
      "last_updated": "2025-03-29 00:00+0000"  
    }
  }
,  {
    "model": "static.Type",
    "pk": "00F",
    "fields": {
      "parent_type_id": "000",
      "grouping": "base_category",
      "code": "menu2",
      "description": "POS Menu Category 2",
      "description_short": "",
      "description_long": "",
      "description2": "",
      "type_key": "BASE_CATEGORY_POS_MENU2",
      "group1": "",
      "flag1": "",
      "flag2": "",
      "attributes": "",
      "order_by": "99",
      "external_id": "",
      "static_flag": "Y",
      "internal_comment": "",
      "created_date": "2025-03-31 00:00+0000",
      "last_updated": "2025-03-31 00:00+0000"  
    }
  }
,  {
    "model": "static.Type",
    "pk": "00G",
    "fields": {
      "parent_type_id": "000",
      "grouping": "base_chart_field",
      "code": "revenue account",
      "description": "revenue account",
      "description_short": "revenue account",
      "description_long": "",
      "description2": "",
      "type_key": "BASE_CHART_FIELD_REVENUE",
      "group1": "",
      "flag1": "",
      "flag2": "",
      "attributes": "",
      "order_by": "01",
      "external_id": "",
      "static_flag": "Y",
      "internal_comment": "",
      "created_date": "2025-04-11 00:00+0000",
      "last_updated": "2025-04-11 00:00+0000"  
    }
  }
,  {
    "model": "static.Type",
    "pk": "00H",
    "fields": {
      "parent_type_id": "000",
      "grouping": "base_item",
      "code": "pos",
      "description": "point of sale item",
      "description_short": "point of sale item",
      "description_long": "",
      "description2": "",
      "type_key": "BASE_ITEM_POINT_OF_SALE",
      "group1": "",
      "flag1": "",
      "flag2": "",
      "attributes": "",
      "order_by": "01",
      "external_id": "",
      "static_flag": "Y",
      "internal_comment": "",
      "created_date": "2025-04-14 00:00+0000",
      "last_updated": "2025-04-14 00:00+0000"  
    }
  }
,  {
    "model": "static.Type",
    "pk": "00J",
    "fields": {
      "parent_type_id": "000",
      "grouping": "base_item",
      "code": "inventory",
      "description": "inventory item",
      "description_short": "inventory item",
      "description_long": "",
      "description2": "",
      "type_key": "BASE_ITEM_INVENTORY",
      "group1": "",
      "flag1": "",
      "flag2": "",
      "attributes": "",
      "order_by": "02",
      "external_id": "",
      "static_flag": "Y",
      "internal_comment": "",
      "created_date": "2025-04-14 00:00+0000",
      "last_updated": "2025-04-14 00:00+0000"  
    }
  }
,  {
    "model": "static.Type",
    "pk": "00K",
    "fields": {
      "parent_type_id": "000",
      "grouping": "base_pos_menu",
      "code": "main menu",
      "description": "Main Menu",
      "description_short": "Main Menu",
      "description_long": "",
      "description2": "",
      "type_key": "BASE_POS_MENU_MAIN",
      "group1": "",
      "flag1": "",
      "flag2": "",
      "attributes": "",
      "order_by": "01",
      "external_id": "",
      "static_flag": "Y",
      "internal_comment": "",
      "created_date": "2025-04-09 00:00+0000",
      "last_updated": "2025-04-09 00:00+0000"  
    }
  }
,  {
    "model": "static.Type",
    "pk": "00L",
    "fields": {
      "parent_type_id": "000",
      "grouping": "base_pos_menu_item",
      "code": "regular item",
      "description": "regular item",
      "description_short": "regular item",
      "description_long": "",
      "description2": "",
      "type_key": "BASE_POS_MENU_ITEM_REGULAR",
      "group1": "",
      "flag1": "",
      "flag2": "",
      "attributes": "",
      "order_by": "99",
      "external_id": "",
      "static_flag": "Y",
      "internal_comment": "",
      "created_date": "2025-04-18 00:00+0000",
      "last_updated": "2025-04-18 00:00+0000"  
    }
  }
,  {
    "model": "static.Type",
    "pk": "00M",
    "fields": {
      "parent_type_id": "000",
      "grouping": "base_hotel_type",
      "code": "intenet",
      "description": "Internet",
      "description_short": "Internet",
      "description_long": "",
      "description2": "",
      "type_key": "BASE_HOTEL_TYPE_INTERNET",
      "group1": "",
      "flag1": "",
      "flag2": "",
      "attributes": "",
      "order_by": "99",
      "external_id": "",
      "static_flag": "Y",
      "internal_comment": "",
      "created_date": "2025-04-22 00:00+0000",
      "last_updated": "2025-04-22 00:00+0000"  
    }
  }
,  {
    "model": "static.Type",
    "pk": "00N",
    "fields": {
      "parent_type_id": "016",
      "grouping": "res_transaction",
      "code": "staged charge",
      "description": "staged charge",
      "description_short": "",
      "description_long": "",
      "description2": "",
      "type_key": "RES_TRANSACTION_STAGED_SALE",
      "group1": "",
      "flag1": "",
      "flag2": "",
      "attributes": "",
      "order_by": "99",
      "external_id": "",
      "static_flag": "Y",
      "internal_comment": "",
      "created_date": "2025-04-24 00:00+0000",
      "last_updated": "2025-04-24 00:00+0000"  
    }
  }
,  {
    "model": "static.Type",
    "pk": "00P",
    "fields": {
      "parent_type_id": "000",
      "grouping": "res_transaction",
      "code": "charge",
      "description": "charge",
      "description_short": "",
      "description_long": "",
      "description2": "",
      "type_key": "RES_TRANSACTION_SALE",
      "group1": "",
      "flag1": "",
      "flag2": "",
      "attributes": "",
      "order_by": "99",
      "external_id": "",
      "static_flag": "Y",
      "internal_comment": "",
      "created_date": "2025-04-24 00:00+0000",
      "last_updated": "2025-04-24 00:00+0000"  
    }
  }
,  {
    "model": "static.Type",
    "pk": "00Q",
    "fields": {
      "parent_type_id": "000",
      "grouping": "res_transaction",
      "code": "payment",
      "description": "payment",
      "description_short": "",
      "description_long": "",
      "description2": "",
      "type_key": "RES_TRANSACTION_PAYMENT",
      "group1": "",
      "flag1": "",
      "flag2": "",
      "attributes": "",
      "order_by": "99",
      "external_id": "",
      "static_flag": "Y",
      "internal_comment": "",
      "created_date": "2025-04-24 00:00+0000",
      "last_updated": "2025-04-24 00:00+0000"  
    }
  }
,  {
    "model": "static.Type",
    "pk": "00R",
    "fields": {
      "parent_type_id": "000",
      "grouping": "res_event",
      "code": "Cruise",
      "description": "Cruise",
      "description_short": "Cruise",
      "description_long": "",
      "description2": "",
      "type_key": "RES_EVENT_CRUISE",
      "group1": "",
      "flag1": "",
      "flag2": "",
      "attributes": "",
      "order_by": "99",
      "external_id": "",
      "static_flag": "Y",
      "internal_comment": "",
      "created_date": "2025-04-25 00:00+0000",
      "last_updated": "2025-04-25 00:00+0000"  
    }
  }
,  {
    "model": "static.Type",
    "pk": "00S",
    "fields": {
      "parent_type_id": "000",
      "grouping": "res_event",
      "code": "Tour",
      "description": "Tour",
      "description_short": "Tour",
      "description_long": "",
      "description2": "",
      "type_key": "RES_EVENT_TOUR",
      "group1": "",
      "flag1": "",
      "flag2": "",
      "attributes": "",
      "order_by": "99",
      "external_id": "",
      "static_flag": "Y",
      "internal_comment": "",
      "created_date": "2025-04-25 00:00+0000",
      "last_updated": "2025-04-25 00:00+0000"  
    }
  }
,  {
    "model": "static.Type",
    "pk": "00T",
    "fields": {
      "parent_type_id": "000",
      "grouping": "res_transaction_item",
      "code": "regular",
      "description": "regular",
      "description_short": "regular",
      "description_long": "",
      "description2": "",
      "type_key": "RES_TRANSACTION_ITEM_REGULAR",
      "group1": "",
      "flag1": "",
      "flag2": "",
      "attributes": "",
      "order_by": "99",
      "external_id": "",
      "static_flag": "Y",
      "internal_comment": "",
      "created_date": "2025-04-27 00:00+0000",
      "last_updated": "2025-04-27 00:00+0000"  
    }
  }
,  {
    "model": "static.Type",
    "pk": "00V",
    "fields": {
      "parent_type_id": "000",
      "grouping": "res_hotel_item",
      "code": "special items",
      "description": "special items",
      "description_short": "special items",
      "description_long": "",
      "description2": "",
      "type_key": "RES_HOTEL_ITEM_SPECIAL_ITEM",
      "group1": "",
      "flag1": "",
      "flag2": "",
      "attributes": "",
      "order_by": "99",
      "external_id": "",
      "static_flag": "Y",
      "internal_comment": "",
      "created_date": "2025-04-29 00:00+0000",
      "last_updated": "2025-04-29 00:00+0000"  
    }
  }
,  {
    "model": "static.Type",
    "pk": "00W",
    "fields": {
      "parent_type_id": "000",
      "grouping": "res_hotel_item.special_item",
      "code": "Internet",
      "description": "Internet",
      "description_short": "Internet",
      "description_long": "",
      "description2": "",
      "type_key": "RES_HOTEL_ITEM_SPECIAL_ITEM_INTERNET",
      "group1": "",
      "flag1": "",
      "flag2": "",
      "attributes": "",
      "order_by": "99",
      "external_id": "",
      "static_flag": "Y",
      "internal_comment": "",
      "created_date": "2025-04-29 00:00+0000",
      "last_updated": "2025-04-29 00:00+0000"  
    }
  }
,  {
    "model": "static.Type",
    "pk": "00X",
    "fields": {
      "parent_type_id": "000",
      "grouping": "base_event_log",
      "code": "login attempt",
      "description": "Login Attempt",
      "description_short": "",
      "description_long": "",
      "description2": "",
      "type_key": "BASE_EVENT_LOGIN_ATTEMPT",
      "group1": "",
      "flag1": "",
      "flag2": "",
      "attributes": "",
      "order_by": "99",
      "external_id": "",
      "static_flag": "Y",
      "internal_comment": "",
      "created_date": "2025-07-05 00:00+0000",
      "last_updated": "2025-07-05 00:00+0000"  
    }
  }
,  {
    "model": "static.Type",
    "pk": "015",
    "fields": {
      "parent_type_id": "000",
      "grouping": "base_job",
      "code": "VMS-ETL",
      "description": "VMS - ETL",
      "description_short": "",
      "description_long": "",
      "description2": "",
      "type_key": "BASE_JOB_VMS_ETL",
      "group1": "",
      "flag1": "",
      "flag2": "",
      "attributes": "",
      "order_by": "99",
      "external_id": "",
      "static_flag": "Y",
      "internal_comment": "",
      "created_date": "2025-12-26 00:00+0000",
      "last_updated": "2025-12-26 00:00+0000"  
    }
  }
,  {
    "model": "static.Type",
    "pk": "016",
    "fields": {
      "parent_type_id": "000",
      "grouping": "res_transaction",
      "code": "staged transactions",
      "description": "staged transactions",
      "description_short": "",
      "description_long": "",
      "description2": "",
      "type_key": "RES_TRANSACTION_STAGED",
      "group1": "",
      "flag1": "",
      "flag2": "",
      "attributes": "",
      "order_by": "99",
      "external_id": "",
      "static_flag": "Y",
      "internal_comment": "",
      "created_date": "2026-01-04 00:00+0000",
      "last_updated": "2026-01-04 00:00+0000"  
    }
  }
,  {
    "model": "static.Type",
    "pk": "012",
    "fields": {
      "parent_type_id": "000",
      "grouping": "base_person",
      "code": "",
      "description": "Regular Person",
      "description_short": "",
      "description_long": "",
      "description2": "",
      "type_key": "PERSON_REGULAR",
      "group1": "",
      "flag1": "",
      "flag2": "",
      "attributes": "",
      "order_by": "99",
      "external_id": "",
      "static_flag": "Y",
      "internal_comment": "",
      "created_date": "2025-03-08 00:00+0000",
      "last_updated": "2025-03-08 00:00+0000"  
    }
  }
,  {
    "model": "static.Type",
    "pk": "020",
    "fields": {
      "parent_type_id": "000",
      "grouping": "base_category",
      "code": "",
      "description": "Room/Cabin Category",
      "description_short": "Room/Cabin Category",
      "description_long": "",
      "description2": "",
      "type_key": "BASE_CATEGORY_ROOM_CABIN",
      "group1": "",
      "flag1": "",
      "flag2": "",
      "attributes": "",
      "order_by": "99",
      "external_id": "",
      "static_flag": "Y",
      "internal_comment": "",
      "created_date": "2025-03-11 00:00+0000",
      "last_updated": "2025-03-11 00:00+0000"  
    }
  }
,  {
    "model": "static.Type",
    "pk": "023",
    "fields": {
      "parent_type_id": "000",
      "grouping": "base_company",
      "code": "Travel Agency",
      "description": "Travel Agency",
      "description_short": "Travel Agency",
      "description_long": "",
      "description2": "",
      "type_key": "COMPANY_TRAVEL_AGENCY",
      "group1": "",
      "flag1": "",
      "flag2": "",
      "attributes": "",
      "order_by": "99",
      "external_id": "",
      "static_flag": "Y",
      "internal_comment": "",
      "created_date": "2025-03-21 00:00+0000",
      "last_updated": "2025-03-21 00:00+0000"  
    }
  }
,  {
    "model": "static.Type",
    "pk": "041",
    "fields": {
      "parent_type_id": "000",
      "grouping": "base_user",
      "code": "",
      "description": "real user",
      "description_short": "real user",
      "description_long": "",
      "description2": "",
      "type_key": "USER_REAL",
      "group1": "",
      "flag1": "",
      "flag2": "",
      "attributes": "",
      "order_by": "99",
      "external_id": "",
      "static_flag": "Y",
      "internal_comment": "",
      "created_date": "2025-03-10 00:00+0000",
      "last_updated": "2025-03-10 00:00+0000"  
    }
  }
,  {
    "model": "static.Type",
    "pk": "042",
    "fields": {
      "parent_type_id": "000",
      "grouping": "base_user",
      "code": "",
      "description": "dummy user",
      "description_short": "dummy user",
      "description_long": "",
      "description2": "",
      "type_key": "USER_DUMMY",
      "group1": "",
      "flag1": "",
      "flag2": "",
      "attributes": "",
      "order_by": "99",
      "external_id": "",
      "static_flag": "Y",
      "internal_comment": "",
      "created_date": "2025-07-05 00:00+0000",
      "last_updated": "2025-07-05 00:00+0000"  
    }
  }
,  {
    "model": "static.Type",
    "pk": "001",
    "fields": {
      "parent_type_id": "000",
      "grouping": "base_position",
      "code": "onboard",
      "description": "Onboard Position",
      "description_short": "Onboard Position",
      "description_long": "",
      "description2": "",
      "type_key": "BASE_POSITION_ONBOARD",
      "group1": "",
      "flag1": "",
      "flag2": "",
      "attributes": "",
      "order_by": "99",
      "external_id": "",
      "static_flag": "Y",
      "internal_comment": "",
      "created_date": "2025-11-30 00:00+0000",
      "last_updated": "2025-11-30 00:00+0000"  
    }
  }
,  {
    "model": "static.Type",
    "pk": "011",
    "fields": {
      "parent_type_id": "000",
      "grouping": "res_guest",
      "code": "Staff",
      "description": "Staff",
      "description_short": "Staff",
      "description_long": "",
      "description2": "",
      "type_key": "RES_GUEST_STAFF",
      "group1": "",
      "flag1": "",
      "flag2": "",
      "attributes": "",
      "order_by": "99",
      "external_id": "",
      "static_flag": "Y",
      "internal_comment": "",
      "created_date": "2025-10-24 00:00+0000",
      "last_updated": "2025-10-24 00:00+0000"  
    }
  }
,  {
    "model": "static.Type",
    "pk": "601",
    "fields": {
      "parent_type_id": "000",
      "grouping": "static_form",
      "code": "",
      "description": "report parameters",
      "description_short": "",
      "description_long": "",
      "description2": "",
      "type_key": "FORM_REPORT_PARAMETER",
      "group1": "",
      "flag1": "",
      "flag2": "",
      "attributes": "",
      "order_by": "99",
      "external_id": "",
      "static_flag": "Y",
      "internal_comment": "",
      "created_date": "2025-07-02 00:00+0000",
      "last_updated": "2025-07-02 00:00+0000"  
    }
  }
,  {
    "model": "static.Type",
    "pk": "602",
    "fields": {
      "parent_type_id": "000",
      "grouping": "static_form",
      "code": "",
      "description": "data entry forms",
      "description_short": "",
      "description_long": "",
      "description2": "",
      "type_key": "FORM_DATA_ENTRY",
      "group1": "",
      "flag1": "",
      "flag2": "",
      "attributes": "",
      "order_by": "99",
      "external_id": "",
      "static_flag": "Y",
      "internal_comment": "",
      "created_date": "2025-07-02 00:00+0000",
      "last_updated": "2025-07-02 00:00+0000"  
    }
  }
,  {
    "model": "static.Type",
    "pk": "00Z",
    "fields": {
      "parent_type_id": "000",
      "grouping": "static_form_control",
      "code": "hidden",
      "description": "hidden",
      "description_short": "",
      "description_long": "",
      "description2": "",
      "type_key": "CONTROL_HIDDEN",
      "group1": "X",
      "flag1": "",
      "flag2": "",
      "attributes": "",
      "order_by": "99",
      "external_id": "",
      "static_flag": "Y",
      "internal_comment": "",
      "created_date": "2025-07-07 00:00+0000",
      "last_updated": "2025-07-07 00:00+0000"  
    }
  }
,  {
    "model": "static.Type",
    "pk": "00Y",
    "fields": {
      "parent_type_id": "000",
      "grouping": "static_form_control",
      "code": "textbox",
      "description": "textbox",
      "description_short": "",
      "description_long": "",
      "description2": "",
      "type_key": "CONTROL_TEXTBOX",
      "group1": "char",
      "flag1": "",
      "flag2": "",
      "attributes": "",
      "order_by": "99",
      "external_id": "",
      "static_flag": "Y",
      "internal_comment": "",
      "created_date": "2025-07-05 00:00+0000",
      "last_updated": "2025-07-05 00:00+0000"  
    }
  }
,  {
    "model": "static.Type",
    "pk": "010",
    "fields": {
      "parent_type_id": "000",
      "grouping": "static_text",
      "code": "web content",
      "description": "web content",
      "description_short": "",
      "description_long": "",
      "description2": "",
      "type_key": "TEXT_WEB_CONTENT",
      "group1": "",
      "flag1": "",
      "flag2": "",
      "attributes": "",
      "order_by": "99",
      "external_id": "",
      "static_flag": "Y",
      "internal_comment": "",
      "created_date": "2025-08-09 00:00+0000",
      "last_updated": "2025-08-09 00:00+0000"  
    }
  }
,  {
    "model": "static.Type",
    "pk": "700",
    "fields": {
      "parent_type_id": "000",
      "grouping": "base_person.gender",
      "code": "NA",
      "description": "Not Applicable",
      "description_short": "Not Applicable",
      "description_long": "",
      "description2": "",
      "type_key": "GENDER_NOT_APPLICABLE",
      "group1": "",
      "flag1": "",
      "flag2": "",
      "attributes": "",
      "order_by": "99",
      "external_id": "",
      "static_flag": "Y",
      "internal_comment": "",
      "created_date": "2025-03-08 00:00+0000",
      "last_updated": "2025-03-08 00:00+0000"  
    }
  }
,  {
    "model": "static.Type",
    "pk": "701",
    "fields": {
      "parent_type_id": "000",
      "grouping": "base_person.gender",
      "code": "M",
      "description": "Male",
      "description_short": "Male",
      "description_long": "",
      "description2": "",
      "type_key": "GENDER_MALE",
      "group1": "",
      "flag1": "",
      "flag2": "",
      "attributes": "",
      "order_by": "99",
      "external_id": "000-MALE",
      "static_flag": "Y",
      "internal_comment": "",
      "created_date": "2025-03-08 00:00+0000",
      "last_updated": "2025-03-08 00:00+0000"  
    }
  }
,  {
    "model": "static.Type",
    "pk": "702",
    "fields": {
      "parent_type_id": "000",
      "grouping": "base_person.gender",
      "code": "F",
      "description": "Female",
      "description_short": "Female",
      "description_long": "",
      "description2": "",
      "type_key": "GENDER_FEMALE",
      "group1": "",
      "flag1": "",
      "flag2": "",
      "attributes": "",
      "order_by": "99",
      "external_id": "000-FEMALE",
      "static_flag": "Y",
      "internal_comment": "",
      "created_date": "2025-03-08 00:00+0000",
      "last_updated": "2025-03-08 00:00+0000"  
    }
  }
,  {
    "model": "static.Type",
    "pk": "704",
    "fields": {
      "parent_type_id": "000",
      "grouping": "base_person.gender",
      "code": "X",
      "description": "Not Disclosed",
      "description_short": "Not Disclosed",
      "description_long": "",
      "description2": "",
      "type_key": "GENDER_NOT_DISCLOSED",
      "group1": "",
      "flag1": "",
      "flag2": "",
      "attributes": "",
      "order_by": "99",
      "external_id": "000-NOT_DISCLOSED",
      "static_flag": "Y",
      "internal_comment": "",
      "created_date": "2025-03-08 00:00+0000",
      "last_updated": "2025-03-08 00:00+0000"  
    }
  }
,  {
    "model": "static.Type",
    "pk": "999",
    "fields": {
      "parent_type_id": "000",
      "grouping": "ALL",
      "code": "TBA",
      "description": "To Be Announced",
      "description_short": "",
      "description_long": "",
      "description2": "",
      "type_key": "TO_BE_ANNOUNCED",
      "group1": "",
      "flag1": "",
      "flag2": "",
      "attributes": "",
      "order_by": "99",
      "external_id": "000-TBA",
      "static_flag": "Y",
      "internal_comment": "",
      "created_date": "2025-03-08 00:00+0000",
      "last_updated": "2025-03-08 00:00+0000"  
    }
  }
,  {
    "model": "static.Type",
    "pk": "013",
    "fields": {
      "parent_type_id": "000",
      "grouping": "base_person",
      "code": "",
      "description": "Hotel/Ship Guest",
      "description_short": "",
      "description_long": "",
      "description2": "",
      "type_key": "PERSON_HOTEL_GUEST",
      "group1": "",
      "flag1": "",
      "flag2": "",
      "attributes": "",
      "order_by": "99",
      "external_id": "",
      "static_flag": "Y",
      "internal_comment": "",
      "created_date": "2025-03-19 00:00+0000",
      "last_updated": "2025-03-19 00:00+0000"  
    }
  }
,  {
    "model": "static.Type",
    "pk": "043",
    "fields": {
      "parent_type_id": "000",
      "grouping": "base_user",
      "code": "",
      "description": "api consumer",
      "description_short": "api consumer",
      "description_long": "",
      "description2": "",
      "type_key": "USER_API_CONSUMER",
      "group1": "",
      "flag1": "",
      "flag2": "",
      "attributes": "",
      "order_by": "99",
      "external_id": "",
      "static_flag": "Y",
      "internal_comment": "",
      "created_date": "2025-10-11 00:00+0000",
      "last_updated": "2025-10-11 00:00+0000"  
    }
  }
,  {
    "model": "static.Client",
    "pk": "000",
    "fields": {
      "type_id": "000",
      "status_id": "001",
      "code": "N/A",
      "description": "Not Applicable",
      "grouping": "All",
      "client_key": "NOT_APPLICABLE",
      "static_flag": "Y",
      "internal_comment": "",
      "created_date": "2025-03-10 00:00+0000",
      "last_updated": "2025-03-10 00:00+0000"  
    }
  }
,  {
    "model": "static.Client",
    "pk": "999",
    "fields": {
      "type_id": "000",
      "status_id": "001",
      "code": "TBA",
      "description": "To Be Announced",
      "grouping": "All",
      "client_key": "TO_BE_ANNOUNCED",
      "static_flag": "Y",
      "internal_comment": "",
      "created_date": "2025-03-10 00:00+0000",
      "last_updated": "2025-03-10 00:00+0000"  
    }
  }
,  {
    "model": "static.Client",
    "pk": "001",
    "fields": {
      "parent_client_id": "000",
      "type_id": "004",
      "status_id": "001",
      "code": "A21",
      "description": "Antarctica 21",
      "grouping": "Cruise Line",
      "client_key": "ANTARCTICA_21",
      "static_flag": "Y",
      "internal_comment": "",
      "created_date": "2025-03-10 00:00+0000",
      "last_updated": "2025-03-10 00:00+0000"  
    }
  }
,  {
    "model": "static.Client",
    "pk": "002",
    "fields": {
      "parent_client_id": "000",
      "type_id": "004",
      "status_id": "001",
      "code": "GADV",
      "description": "G Adventures",
      "grouping": "Cruise Line",
      "client_key": "G_ADVENTURES",
      "static_flag": "Y",
      "internal_comment": "",
      "created_date": "2025-09-13 00:00+0000",
      "last_updated": "2025-09-13 00:00+0000"  
    }
  }
,  {
    "model": "static.Menu",
    "pk": "000",
    "fields": {
      "type_id": "000",
      "status_id": "001",
      "parent_menu_id": "000",
      "page_id": "000",
      "order_by": "00",
      "description": "Not Applicable",
      "title": "",
      "sub_title": "",
      "breadcrumb_name": "",
      "route": "",
      "params": "",
      "icon": "",
      "grouping": "",
      "menu_key": "",
      "static_flag": "Y",
      "internal_comment": "",
      "created_date": "2025-06-24 00:00+0000",
      "last_updated": "2025-06-24 00:00+0000"  
    }
  }
,  {
    "model": "static.Menu",
    "pk": "001",
    "fields": {
      "type_id": "003",
      "status_id": "001",
      "parent_menu_id": "000",
      "page_id": "001",
      "order_by": "01",
      "description": "HOME",
      "title": "",
      "sub_title": "",
      "breadcrumb_name": "Home",
      "route": "/navigator/001",
      "params": "",
      "icon": "",
      "grouping": "Header Bar",
      "menu_key": "HOME",
      "static_flag": "Y",
      "internal_comment": "",
      "created_date": "2025-06-24 00:00+0000",
      "last_updated": "2025-06-24 00:00+0000"  
    }
  }
,  {
    "model": "static.Menu",
    "pk": "002",
    "fields": {
      "type_id": "002",
      "status_id": "001",
      "parent_menu_id": "000",
      "page_id": "002",
      "order_by": "02",
      "description": "ABOUT",
      "title": "About Us",
      "sub_title": "",
      "breadcrumb_name": "About",
      "route": "/navigator/002",
      "params": "",
      "icon": "",
      "grouping": "Header Bar",
      "menu_key": "ABOUT",
      "static_flag": "Y",
      "internal_comment": "",
      "created_date": "2025-06-24 00:00+0000",
      "last_updated": "2025-06-24 00:00+0000"  
    }
  }
,  {
    "model": "static.Menu",
    "pk": "003",
    "fields": {
      "type_id": "002",
      "status_id": "001",
      "parent_menu_id": "000",
      "page_id": "003",
      "order_by": "03",
      "description": "MODULES",
      "title": "Modules",
      "sub_title": "",
      "breadcrumb_name": "Modules",
      "route": "/navigator/003",
      "params": "",
      "icon": "",
      "grouping": "Header Bar",
      "menu_key": "MODULES",
      "static_flag": "Y",
      "internal_comment": "",
      "created_date": "2025-06-24 00:00+0000",
      "last_updated": "2025-06-24 00:00+0000"  
    }
  }
,  {
    "model": "static.Menu",
    "pk": "004",
    "fields": {
      "type_id": "003",
      "status_id": "001",
      "parent_menu_id": "000",
      "page_id": "004",
      "order_by": "04",
      "description": "LOGIN",
      "title": "Login",
      "sub_title": "",
      "breadcrumb_name": "Modules",
      "route": "/navigator/004",
      "params": "",
      "icon": "",
      "grouping": "Header Bar",
      "menu_key": "LOGIN",
      "static_flag": "Y",
      "internal_comment": "",
      "created_date": "2025-06-28 00:00+0000",
      "last_updated": "2025-06-28 00:00+0000"  
    }
  }
,  {
    "model": "static.Page",
    "pk": "001",
    "fields": {
      "type_id": "000",
      "status_id": "001",
      "code": "Home",
      "description": "Home",
      "grouping": "Public",
      "page_key": "HOME",
      "static_flag": "Y",
      "internal_comment": "",
      "created_date": "2025-06-25 00:00+0000",
      "last_updated": "2025-06-25 00:00+0000"  
    }
  }
,  {
    "model": "static.Page",
    "pk": "002",
    "fields": {
      "type_id": "000",
      "status_id": "001",
      "code": "About",
      "description": "About",
      "grouping": "Public",
      "page_key": "ABOUT",
      "static_flag": "Y",
      "internal_comment": "",
      "created_date": "2025-06-25 00:00+0000",
      "last_updated": "2025-06-25 00:00+0000"  
    }
  }
,  {
    "model": "static.Page",
    "pk": "003",
    "fields": {
      "type_id": "000",
      "status_id": "001",
      "code": "Modules",
      "description": "Modules",
      "grouping": "Public",
      "page_key": "MODULES",
      "static_flag": "Y",
      "internal_comment": "",
      "created_date": "2025-06-25 00:00+0000",
      "last_updated": "2025-06-25 00:00+0000"  
    }
  }
,  {
    "model": "static.Page",
    "pk": "000",
    "fields": {
      "type_id": "000",
      "status_id": "001",
      "code": "N/A",
      "description": "Not Applicable",
      "grouping": "Public",
      "page_key": "NOT_APPLICABLE",
      "static_flag": "Y",
      "internal_comment": "",
      "created_date": "2025-06-25 00:00+0000",
      "last_updated": "2025-06-25 00:00+0000"  
    }
  }
,  {
    "model": "static.Page",
    "pk": "004",
    "fields": {
      "type_id": "000",
      "status_id": "001",
      "code": "Logn",
      "description": "Login",
      "grouping": "Public",
      "page_key": "LOGIN",
      "static_flag": "Y",
      "internal_comment": "",
      "created_date": "2025-06-29 00:00+0000",
      "last_updated": "2025-06-29 00:00+0000"  
    }
  }
,  {
    "model": "static.Currency",
    "pk": "00",
    "fields": {
      "type_id": "000",
      "status_id": "001",
      "code": "N/A",
      "symbol": "",
      "description": "Not Applicable",
      "order_by": "99",
      "static_flag": "Y",
      "internal_comment": "",
      "created_date": "2025-03-29 00:00+0000",
      "last_updated": "2025-03-29 00:00+0000"  
    }
  }
,  {
    "model": "static.Currency",
    "pk": "01",
    "fields": {
      "type_id": "000",
      "status_id": "001",
      "code": "USD",
      "symbol": "$",
      "description": "US Dollar",
      "order_by": "99",
      "static_flag": "Y",
      "internal_comment": "",
      "created_date": "2025-03-29 00:00+0000",
      "last_updated": "2025-03-29 00:00+0000"  
    }
  }
,  {
    "model": "static.Currency",
    "pk": "02",
    "fields": {
      "type_id": "000",
      "status_id": "001",
      "code": "GBP",
      "symbol": "",
      "description": "British Pound",
      "order_by": "99",
      "static_flag": "Y",
      "internal_comment": "",
      "created_date": "2025-03-29 00:00+0000",
      "last_updated": "2025-03-29 00:00+0000"  
    }
  }
,  {
    "model": "static.Currency",
    "pk": "03",
    "fields": {
      "type_id": "000",
      "status_id": "001",
      "code": "EUR",
      "symbol": "",
      "description": "Euro",
      "order_by": "99",
      "static_flag": "Y",
      "internal_comment": "",
      "created_date": "2025-03-29 00:00+0000",
      "last_updated": "2025-03-29 00:00+0000"  
    }
  }
,  {
    "model": "static.Currency",
    "pk": "99",
    "fields": {
      "type_id": "000",
      "status_id": "001",
      "code": "TBA",
      "symbol": "",
      "description": "To Be Announced",
      "order_by": "99",
      "static_flag": "Y",
      "internal_comment": "",
      "created_date": "2025-03-29 00:00+0000",
      "last_updated": "2025-03-29 00:00+0000"  
    }
  }
,  {
    "model": "static.Text",
    "pk": "A0001",
    "fields": {
      "type_id": "010",
      "status_id": "001",
      "description": "##AVAILABLE",
      "description_short": "",
      "description_long": "",
      "start_date": "1900-01-01 00:00+0000",
      "end_date": "2099-12-31 00:00+0000",
      "effective_status_id": "021",
      "grouping": "Pages",
      "text_key": "PAGE_ABOUT",
      "static_flag": "Y",
      "internal_comment": "",
      "created_date": "2025-08-09 00:00+0000",
      "last_updated": "2025-08-09 00:00+0000"  
    }
  }
,  {
    "model": "static.Hotel",
    "pk": "A000",
    "fields": {
      "type_id": "000",
      "status_id": "001",
      "client_id": "000",
      "code": "N/A",
      "description": "Not Applicable",
      "vms_identifier": "",
      "grouping": "OTHER",
      "hotel_key": "NOT_APPLICABLE",
      "static_flag": "Y",
      "internal_comment": "",
      "created_date": "2025-04-11 00:00+0000",
      "last_updated": "2025-04-11 00:00+0000"  
    }
  }
,  {
    "model": "static.Hotel",
    "pk": "A001",
    "fields": {
      "type_id": "006",
      "status_id": "001",
      "client_id": "001",
      "code": "MEX",
      "description": "Magellan Explorer",
      "vms_identifier": "1401",
      "grouping": "CRUISE SHIPS",
      "hotel_key": "MAGELLAN_EXPLORER",
      "static_flag": "Y",
      "internal_comment": "",
      "created_date": "2025-04-11 00:00+0000",
      "last_updated": "2025-04-11 00:00+0000"  
    }
  }
,  {
    "model": "static.Hotel",
    "pk": "A002",
    "fields": {
      "type_id": "006",
      "status_id": "001",
      "client_id": "002",
      "code": "EXP2",
      "description": "Expedition",
      "vms_identifier": "1302",
      "grouping": "CRUISE SHIPS",
      "hotel_key": "EXPEDITION2",
      "static_flag": "Y",
      "internal_comment": "",
      "created_date": "2025-09-13 00:00+0000",
      "last_updated": "2025-09-13 00:00+0000"  
    }
  }
,  {
    "model": "static.Process",
    "pk": "001",
    "fields": {
      "type_id": "000",
      "status_id": "001",
      "code": "Category",
      "description": "Category",
      "route": "table/base/category/",
      "view": "AuthorizedCategoryAPIView",
      "module_path": "apps.base.table_api_views.category_api_views",
      "grouping": "table",
      "process_key": "BASE_CATEGORY",
      "static_flag": "Y",
      "internal_comment": "",
      "created_date": "2025-11-22 00:00+0000",
      "last_updated": "2025-11-22 00:00+0000"  
    }
  }
,  {
    "model": "static.Process",
    "pk": "002",
    "fields": {
      "type_id": "000",
      "status_id": "001",
      "code": "Chart Field",
      "description": "Chart Field",
      "route": "table/base/chart_field/",
      "view": "AuthorizedChartFieldAPIView",
      "module_path": "apps.base.table_api_views.chart_field_api_views",
      "grouping": "table",
      "process_key": "BASE_CHART_FIELD",
      "static_flag": "Y",
      "internal_comment": "",
      "created_date": "2025-11-22 00:00+0000",
      "last_updated": "2025-11-22 00:00+0000"  
    }
  }
,  {
    "model": "static.Process",
    "pk": "003",
    "fields": {
      "type_id": "000",
      "status_id": "001",
      "code": "Company",
      "description": "Company",
      "route": "table/base/company/",
      "view": "AuthorizedCompanyAPIView",
      "module_path": "apps.base.table_api_views.company_api_views",
      "grouping": "table",
      "process_key": "BASE_COMPANY",
      "static_flag": "Y",
      "internal_comment": "",
      "created_date": "2025-11-22 00:00+0000",
      "last_updated": "2025-11-22 00:00+0000"  
    }
  }
,  {
    "model": "static.Process",
    "pk": "004",
    "fields": {
      "type_id": "000",
      "status_id": "001",
      "code": "Email",
      "description": "Email",
      "route": "table/base/email/",
      "view": "AuthorizedEmailAPIView",
      "module_path": "apps.base.table_api_views.email_api_views",
      "grouping": "table",
      "process_key": "BASE_EMAIL",
      "static_flag": "Y",
      "internal_comment": "",
      "created_date": "2025-11-22 00:00+0000",
      "last_updated": "2025-11-22 00:00+0000"  
    }
  }
,  {
    "model": "static.Process",
    "pk": "005",
    "fields": {
      "type_id": "000",
      "status_id": "001",
      "code": "Hotel_type",
      "description": "Hotel_type",
      "route": "table/base/hotel_type/",
      "view": "AuthorizedHotelTypeAPIView",
      "module_path": "apps.base.table_api_views.hotel_type_api_views",
      "grouping": "table",
      "process_key": "BASE_HOTEL_TYPE",
      "static_flag": "Y",
      "internal_comment": "",
      "created_date": "2025-11-22 00:00+0000",
      "last_updated": "2025-11-22 00:00+0000"  
    }
  }
,  {
    "model": "static.Process",
    "pk": "006",
    "fields": {
      "type_id": "000",
      "status_id": "001",
      "code": "Item",
      "description": "Item",
      "route": "table/base/item/",
      "view": "AuthorizedItemAPIView",
      "module_path": "apps.base.table_api_views.item_api_views",
      "grouping": "table",
      "process_key": "BASE_ITEM",
      "static_flag": "Y",
      "internal_comment": "",
      "created_date": "2025-11-22 00:00+0000",
      "last_updated": "2025-11-22 00:00+0000"  
    }
  }
,  {
    "model": "static.Process",
    "pk": "007",
    "fields": {
      "type_id": "000",
      "status_id": "001",
      "code": "Person",
      "description": "Person",
      "route": "table/base/person/",
      "view": "AuthorizedPersonAPIView",
      "module_path": "apps.base.table_api_views.person_api_views",
      "grouping": "table",
      "process_key": "BASE_PERSON",
      "static_flag": "Y",
      "internal_comment": "",
      "created_date": "2025-11-22 00:00+0000",
      "last_updated": "2025-11-22 00:00+0000"  
    }
  }
,  {
    "model": "static.Process",
    "pk": "008",
    "fields": {
      "type_id": "000",
      "status_id": "001",
      "code": "Por Menu",
      "description": "Por Menu",
      "route": "table/base/pos_menu/",
      "view": "AuthorizedPosMenuAPIView",
      "module_path": "apps.base.table_api_views.pos_menu_api_views",
      "grouping": "table",
      "process_key": "BASE_POS_MENU",
      "static_flag": "Y",
      "internal_comment": "",
      "created_date": "2025-11-22 00:00+0000",
      "last_updated": "2025-11-22 00:00+0000"  
    }
  }
,  {
    "model": "static.Process",
    "pk": "009",
    "fields": {
      "type_id": "000",
      "status_id": "001",
      "code": "Pos Menu /tem",
      "description": "Pos Menu /tem",
      "route": "table/base/pos_menu_item/",
      "view": "AuthorizedPosMenuItemAPIView",
      "module_path": "apps.base.table_api_views.pos_menu_item_api_views",
      "grouping": "table",
      "process_key": "BASE_POS_MENU_ITEM",
      "static_flag": "Y",
      "internal_comment": "",
      "created_date": "2025-11-22 00:00+0000",
      "last_updated": "2025-11-22 00:00+0000"  
    }
  }
,  {
    "model": "static.Process",
    "pk": "00B",
    "fields": {
      "type_id": "000",
      "status_id": "001",
      "code": "Event",
      "description": "Event",
      "route": "table/res/event/",
      "view": "AuthorizedEventAPIView",
      "module_path": "apps.res.table_api_views.event_api_views",
      "grouping": "table",
      "process_key": "RES_EVENT",
      "static_flag": "Y",
      "internal_comment": "",
      "created_date": "2025-11-22 00:00+0000",
      "last_updated": "2025-11-22 00:00+0000"  
    }
  }
,  {
    "model": "static.Process",
    "pk": "00C",
    "fields": {
      "type_id": "000",
      "status_id": "001",
      "code": "Guest",
      "description": "Guest",
      "route": "table/res/guest/",
      "view": "AuthorizedGuestAPIView",
      "module_path": "apps.res.table_api_views.guest_api_views",
      "grouping": "table",
      "process_key": "RES_GUEST",
      "static_flag": "Y",
      "internal_comment": "",
      "created_date": "2025-11-22 00:00+0000",
      "last_updated": "2025-11-22 00:00+0000"  
    }
  }
,  {
    "model": "static.Process",
    "pk": "00D",
    "fields": {
      "type_id": "000",
      "status_id": "001",
      "code": "Guest/Room",
      "description": "Guest/Room",
      "route": "table/res/guest_room/",
      "view": "AuthorizedGuestRoomAPIView",
      "module_path": "apps.res.table_api_views.guest_room_api_views",
      "grouping": "table",
      "process_key": "RES_GUEST_ROOM",
      "static_flag": "Y",
      "internal_comment": "",
      "created_date": "2025-11-22 00:00+0000",
      "last_updated": "2025-11-22 00:00+0000"  
    }
  }
,  {
    "model": "static.Process",
    "pk": "00F",
    "fields": {
      "type_id": "000",
      "status_id": "001",
      "code": "Hotel/item",
      "description": "Hotel/item",
      "route": "table/res/hotel_item/",
      "view": "AuthorizedHotelItemAPIView",
      "module_path": "apps.res.table_api_views.hotel_item_api_views",
      "grouping": "table",
      "process_key": "RES_HOTEL_ITEM",
      "static_flag": "Y",
      "internal_comment": "",
      "created_date": "2025-11-22 00:00+0000",
      "last_updated": "2025-11-22 00:00+0000"  
    }
  }
,  {
    "model": "static.Process",
    "pk": "00G",
    "fields": {
      "type_id": "000",
      "status_id": "001",
      "code": "Reservation",
      "description": "Reservation",
      "route": "table/res/reservation/",
      "view": "AuthorizedReservationAPIView",
      "module_path": "apps.res.table_api_views.reservation_api_views",
      "grouping": "table",
      "process_key": "RES_RESERVATION",
      "static_flag": "Y",
      "internal_comment": "",
      "created_date": "2025-11-22 00:00+0000",
      "last_updated": "2025-11-22 00:00+0000"  
    }
  }
,  {
    "model": "static.Process",
    "pk": "00J",
    "fields": {
      "type_id": "000",
      "status_id": "001",
      "code": "Room",
      "description": "Room",
      "route": "table/res/room/",
      "view": "AuthorizedRoomAPIView",
      "module_path": "apps.res.table_api_views.room_api_views",
      "grouping": "table",
      "process_key": "RES_ROOM",
      "static_flag": "Y",
      "internal_comment": "",
      "created_date": "2025-11-22 00:00+0000",
      "last_updated": "2025-11-22 00:00+0000"  
    }
  }
,  {
    "model": "static.Process",
    "pk": "00K",
    "fields": {
      "type_id": "000",
      "status_id": "001",
      "code": "Transaction",
      "description": "Transaction",
      "route": "table/res/transaction/",
      "view": "AuthorizedTransactionAPIView",
      "module_path": "apps.res.table_api_views.transaction_api_views",
      "grouping": "table",
      "process_key": "RES_TRANSACTION",
      "static_flag": "Y",
      "internal_comment": "",
      "created_date": "2025-11-22 00:00+0000",
      "last_updated": "2025-11-22 00:00+0000"  
    }
  }
,  {
    "model": "static.Process",
    "pk": "00L",
    "fields": {
      "type_id": "000",
      "status_id": "001",
      "code": "Transaction/item",
      "description": "Transaction/item",
      "route": "table/res/transaction_item/",
      "view": "AuthorizedTransactionItemAPIView",
      "module_path": "apps.res.table_api_views.transaction_item_api_views",
      "grouping": "table",
      "process_key": "RES_TRANSACTION_ITEM",
      "static_flag": "Y",
      "internal_comment": "",
      "created_date": "2025-11-22 00:00+0000",
      "last_updated": "2025-11-22 00:00+0000"  
    }
  }
,  {
    "model": "static.Process",
    "pk": "00M",
    "fields": {
      "type_id": "000",
      "status_id": "001",
      "code": "Position",
      "description": "Posittion",
      "route": "table/base/position/",
      "view": "AuthorizedPositionAPIView",
      "module_path": "apps.base.table_api_views.position_api_views",
      "grouping": "table",
      "process_key": "BASE_POSITION",
      "static_flag": "Y",
      "internal_comment": "",
      "created_date": "2025-11-30 00:00+0000",
      "last_updated": "2025-11-30 00:00+0000"  
    }
  }
,  {
    "model": "static.Process",
    "pk": "00P",
    "fields": {
      "type_id": "000",
      "status_id": "001",
      "code": "Job",
      "description": "Job",
      "route": "table/base/job/",
      "view": "AuthorizedJobAPIView",
      "module_path": "apps.base.table_api_views.job_api_views",
      "grouping": "table",
      "process_key": "BASE_JOB",
      "static_flag": "Y",
      "internal_comment": "",
      "created_date": "2025-12-26 00:00+0000",
      "last_updated": "2025-12-26 00:00+0000"  
    }
  }
,  {
    "model": "static.Process",
    "pk": "00Q",
    "fields": {
      "type_id": "000",
      "status_id": "001",
      "code": "Job Run",
      "description": "Job Run",
      "route": "table/base/job_run/",
      "view": "AuthorizedJobRunAPIView",
      "module_path": "apps.base.table_api_views.job_run_api_views",
      "grouping": "table",
      "process_key": "BASE_JOB_RUN",
      "static_flag": "Y",
      "internal_comment": "",
      "created_date": "2025-12-26 00:00+0000",
      "last_updated": "2025-12-28 00:00+0000"  
    }
  }
,  {
    "model": "static.Process",
    "pk": "00R",
    "fields": {
      "type_id": "000",
      "status_id": "001",
      "code": "Hotel Extension",
      "description": "Hotel Extension",
      "route": "table/res/hotel_extension/",
      "view": "AuthorizedHotelExtensionAPIView",
      "module_path": "apps.res.table_api_views.hotel_extension_api_views",
      "grouping": "table",
      "process_key": "RES_HOTEL_EXTENSION",
      "static_flag": "Y",
      "internal_comment": "",
      "created_date": "2026-01-23 00:00+0000",
      "last_updated": "2026-01-23 00:00+0000"  
    }
  }
,  {
    "model": "static.FormField",
    "pk": "00101",
    "fields": {
      "form_id": "001",
      "type_id": "00Y",
      "status_id": "001",
      "order_by": "01",
      "control_type": "email",
      "tab_name": "Detail",
      "label": "Email Address",
      "name": "string01",
      "default_value": "",
      "data_source_application": "",
      "data_source_model_name": "",
      "data_source_filter": "",
      "data_source_filter_effective_status": "",
      "data_source_order": "",
      "display_value": "",
      "data_source_fields": "",
      "data_source_fstring": "",
      "data_source_key_field": "",
      "disabled_create": false,
      "disabled_update": false,
      "required_flag": "Y",
      "static_flag": "Y",
      "internal_comment": "",
      "created_date": "2025-07-05 00:00+0000",
      "last_updated": "2025-07-05 00:00+0000"  
    }
  }
,  {
    "model": "static.FormField",
    "pk": "00102",
    "fields": {
      "form_id": "001",
      "type_id": "00Y",
      "status_id": "001",
      "order_by": "02",
      "control_type": "password",
      "tab_name": "Detail",
      "label": "Password",
      "name": "string02",
      "default_value": "",
      "data_source_application": "",
      "data_source_model_name": "",
      "data_source_filter": "",
      "data_source_filter_effective_status": "",
      "data_source_order": "",
      "display_value": "",
      "data_source_fields": "",
      "data_source_fstring": "",
      "data_source_key_field": "",
      "disabled_create": false,
      "disabled_update": false,
      "required_flag": "Y",
      "static_flag": "Y",
      "internal_comment": "",
      "created_date": "2025-07-05 00:00+0000",
      "last_updated": "2025-07-05 00:00+0000"  
    }
  }
,  {
    "model": "static.FormField",
    "pk": "00103",
    "fields": {
      "form_id": "001",
      "type_id": "00Z",
      "status_id": "001",
      "order_by": "02",
      "control_type": "",
      "tab_name": "Detail",
      "label": "Event Type",
      "name": "type_id",
      "default_value": "00X",
      "data_source_application": "",
      "data_source_model_name": "",
      "data_source_filter": "",
      "data_source_filter_effective_status": "",
      "data_source_order": "",
      "display_value": "",
      "data_source_fields": "",
      "data_source_fstring": "",
      "data_source_key_field": "",
      "disabled_create": false,
      "disabled_update": false,
      "required_flag": "Y",
      "static_flag": "Y",
      "internal_comment": "",
      "created_date": "2025-07-07 00:00+0000",
      "last_updated": "2025-07-07 00:00+0000"  
    }
  }

]